{"fast_rcnn/cls_accuracy": 0.015625, "fast_rcnn/false_negative": 0.0, "fast_rcnn/fg_cls_accuracy": 0.0625, "iteration": 0, "roi_head/num_bg_samples": 96.0, "roi_head/num_fg_samples": 32.0, "rpn/num_neg_anchors": 128.0, "rpn/num_pos_anchors": 128.0}
{"fast_rcnn/cls_accuracy": 0.12109375, "fast_rcnn/false_negative": 0.015625, "fast_rcnn/fg_cls_accuracy": 0.453125, "iteration": 0, "roi_head/num_bg_samples": 96.0, "roi_head/num_fg_samples": 32.0, "rpn/num_neg_anchors": 128.0, "rpn/num_pos_anchors": 128.0}
{"data_time": 0.010408648999828074, "eta_seconds": 150.61475515500206, "fast_rcnn/cls_accuracy": 0.720703125, "fast_rcnn/false_negative": 0.9453125, "fast_rcnn/fg_cls_accuracy": 0.0, "iteration": 19, "loss_box_reg": 0.6287864148616791, "loss_cls": 2.309023857116699, "loss_rpn_cls": 0.8986677527427673, "loss_rpn_loc": 0.6837093830108643, "lr": 0.000158425, "roi_head/num_bg_samples": 96.0, "roi_head/num_fg_samples": 32.0, "rpn/num_neg_anchors": 128.0, "rpn/num_pos_anchors": 128.0, "time": 15.061475515500206, "total_loss": 4.409252747893333}
